{
    "image_sawyer4_37.jpg": {
        "filename": "image_sawyer4_37.jpg",
        "regions": {
            "0": {
                "region_attributes": {},
                "shape_attributes": {
                    "all_points_x": [
                        147,
                        151,
                        164,
                        172,
                        177,
                        172,
                        158,
                        152
                    ],
                    "all_points_y": [
                        270,
                        259,
                        258,
                        266,
                        294,
                        302,
                        304,
                        302
                    ]
                }
            }
        }
    }, 
    "image_sawyer4_39.jpg": {
        "filename": "image_sawyer4_39.jpg",
        "regions": {
            "0": {
                "region_attributes": {},
                "shape_attributes": {
                    "all_points_x": [
                        147,
                        151,
                        164,
                        172,
                        177,
                        172,
                        158,
                        152
                    ],
                    "all_points_y": [
                        270,
                        259,
                        258,
                        266,
                        294,
                        302,
                        304,
                        302
                    ]
                }
            }
        }
    },
    "image4_1.jpg": {
        "filename": "image4_1.jpg",
        "regions": {
            "0": {
                "region_attributes": {},
                "shape_attributes": {
                    "all_points_x": [
                        137,
                        131,
                        129,
                        130,
                        169,
                        175,
                        176
                    ],
                    "all_points_y": [
                        244,
                        251,
                        258,
                        267,
                        274,
                        265,
                        250
                    ]
                }
            }
        }
    },
    "image_sawyer4_48.jpg": {
        "filename": "image_sawyer4_48.jpg",
        "regions": {
            "0": {
                "region_attributes": {},
                "shape_attributes": {
                    "all_points_x": [
                        142,
                        148,
                        155,
                        168,
                        174,
                        171
                    ],
                    "all_points_y": [
                        275,
                        303,
                        307,
                        306,
                        298,
                        280
                    ]
                }
            }
        }
    },
    "image_sawyer4_50.jpg": {
        "filename": "image_sawyer4_50.jpg",
        "regions": {
            "0": {
                "region_attributes": {},
                "shape_attributes": {
                    "all_points_x": [
                        147,
                        163,
                        172,
                        173,
                        167,
                        156,
                        148
                    ],
                    "all_points_y": [
                        293,
                        291,
                        293,
                        301,
                        306,
                        307,
                        303
                    ]
                }
            }
        }
    },
    "image_sawyer4_57.jpg": {
        "filename": "image_sawyer4_57.jpg",
        "regions": {
            "0": {
                "region_attributes": {},
                "shape_attributes": {
                    "all_points_x": [
                        161,
                        148,
                        149,
                        157,
                        165,
                        169,
                        182,
                        180,
                        175,
                        169
                    ],
                    "all_points_y": [
                        211,
                        237,
                        245,
                        250,
                        251,
                        249,
                        222,
                        216,
                        212,
                        210
                    ]
                }
            }
        }
    },
    "image_sawyer4_66.jpg": {
        "filename": "image_sawyer4_66.jpg",
        "regions": {
            "0": {
                "region_attributes": {},
                "shape_attributes": {
                    "all_points_x": [
                        150,
                        143,
                        144,
                        151,
                        161,
                        166,
                        176
                    ],
                    "all_points_y": [
                        232,
                        246,
                        255,
                        260,
                        261,
                        259,
                        237
                    ]
                }
            }
        }
    },
    "image_sawyer4_68.jpg": {
        "filename": "image_sawyer4_68.jpg",
        "regions": {
            "0": {
                "region_attributes": {},
                "shape_attributes": {
                    "all_points_x": [
                        148,
                        145,
                        148,
                        155,
                        162,
                        168,
                        174,
                        157
                    ],
                    "all_points_y": [
                        235,
                        240,
                        248,
                        252,
                        253,
                        252,
                        230,
                        234
                    ]
                }
            }
        }
    },
    "image_sawyer4_70.jpg": {
        "filename": "image_sawyer4_70.jpg",
        "regions": {
            "0": {
                "region_attributes": {},
                "shape_attributes": {
                    "all_points_x": [
                        143,
                        141,
                        144,
                        150,
                        158,
                        164,
                        170,
                        165,
                        150
                    ],
                    "all_points_y": [
                        197,
                        203,
                        211,
                        215,
                        216,
                        213,
                        201,
                        198,
                        195
                    ]
                }
            }
        }
    },
    "image_sawyer4_73.jpg": {
        "filename": "image_sawyer4_73.jpg",
        "regions": {
            "0": {
                "region_attributes": {},
                "shape_attributes": {
                    "all_points_x": [
                        221,
                        218,
                        222,
                        227,
                        236,
                        243,
                        246,
                        245
                    ],
                    "all_points_y": [
                        175,
                        185,
                        194,
                        197,
                        198,
                        194,
                        185,
                        178
                    ]
                }
            }
        }
    },
    "image_sawyer4_74.jpg": {
        "filename": "image_sawyer4_74.jpg",
        "regions": {
            "0": {
                "region_attributes": {},
                "shape_attributes": {
                    "all_points_x": [
                        299,
                        295,
                        297,
                        305,
                        314,
                        319,
                        324
                    ],
                    "all_points_y": [
                        182,
                        193,
                        202,
                        208,
                        207,
                        203,
                        188
                    ]
                }
            }
        }
    },
    "image_sawyer4_75.jpg": {
        "filename": "image_sawyer4_75.jpg",
        "regions": {
            "0": {
                "region_attributes": {},
                "shape_attributes": {
                    "all_points_x": [
                        447,
                        443,
                        450,
                        461,
                        471,
                        471
                    ],
                    "all_points_y": [
                        178,
                        195,
                        201,
                        204,
                        198,
                        182
                    ]
                }
            }
        }
    },
    "image_sawyer4_103.jpg": {
        "filename": "image_sawyer4_103.jpg",
        "regions": {
            "0": {
                "region_attributes": {},
                "shape_attributes": {
                    "all_points_x": [
                        88,
                        84,
                        86,
                        125,
                        129,
                        126
                    ],
                    "all_points_y": [
                        235,
                        250,
                        258,
                        260,
                        249,
                        236
                    ]
                }
            }
        }
    },
    "image_sawyer4_115.jpg": {
        "filename": "image_sawyer4_115.jpg",
        "regions": {
            "0": {
                "region_attributes": {},
                "shape_attributes": {
                    "all_points_x": [
                        86,
                        84,
                        86,
                        125,
                        129,
                        126,
                        103,
                        102
                    ],
                    "all_points_y": [
                        239,
                        250,
                        258,
                        260,
                        249,
                        236,
                        236,
                        239
                    ]
                }
            }
        }
    },
    "image_sawyer4_116.jpg": {
        "filename": "image_sawyer4_116.jpg",
        "regions": {
            "0": {
                "region_attributes": {},
                "shape_attributes": {
                    "all_points_x": [
                        113,
                        109,
                        125,
                        129,
                        127
                    ],
                    "all_points_y": [
                        236,
                        259,
                        261,
                        249,
                        237
                    ]
                }
            }
        }
    },
    "image_sawyer4_119.jpg": {
        "filename": "image_sawyer4_119.jpg",
        "regions": {
            "0": {
                "region_attributes": {},
                "shape_attributes": {
                    "all_points_x": [
                        109,
                        103,
                        119,
                        124,
                        125,
                        122
                    ],
                    "all_points_y": [
                        205,
                        227,
                        230,
                        222,
                        214,
                        205
                    ]
                }
            }
        }
    },
    "image_sawyer4_122.jpg": {
        "filename": "image_sawyer4_122.jpg",
        "regions": {
            "0": {
                "region_attributes": {},
                "shape_attributes": {
                    "all_points_x": [
                        265,
                        264,
                        279,
                        275,
                        304,
                        302,
                        308
                    ],
                    "all_points_y": [
                        189,
                        212,
                        214,
                        190,
                        192,
                        212,
                        202
                    ]
                }
            }
        }
    },
    "image_sawyer4_123.jpg": {
        "filename": "image_sawyer4_123.jpg",
        "regions": {
            "0": {
                "region_attributes": {},
                "shape_attributes": {
                    "all_points_x": [
                        307,
                        304,
                        306,
                        321,
                        319
                    ],
                    "all_points_y": [
                        190,
                        205,
                        213,
                        214,
                        191
                    ]
                }
            }
        }
    },
    "image_sawyer4_124.jpg": {
        "filename": "image_sawyer4_124.jpg",
        "regions": {
            "0": {
                "region_attributes": {},
                "shape_attributes": {
                    "all_points_x": [
                        353,
                        351,
                        353,
                        373,
                        368
                    ],
                    "all_points_y": [
                        191,
                        206,
                        214,
                        216,
                        191
                    ]
                }
            }
        }
    },
    "image_sawyer4_126.jpg": {
        "filename": "image_sawyer4_126.jpg",
        "regions": {
            "0": {
                "region_attributes": {},
                "shape_attributes": {
                    "all_points_x": [
                        418,
                        412,
                        413,
                        418,
                        440,
                        442,
                        432
                    ],
                    "all_points_y": [
                        206,
                        217,
                        225,
                        234,
                        233,
                        224,
                        208
                    ]
                }
            }
        }
    },
    "image4_0.jpg": {
        "filename": "image4_0.jpg",
        "regions": {
            "0": {
                "region_attributes": {},
                "shape_attributes": {
                    "all_points_x": [
                        135,
                        130,
                        131,
                        168,
                        175,
                        173
                    ],
                    "all_points_y": [
                        243,
                        254,
                        267,
                        275,
                        264,
                        251
                    ]
                }
            }
        }
    },
    "image4_3.jpg": {
        "filename": "image4_3.jpg",
        "regions": {
            "0": {
                "region_attributes": {},
                "shape_attributes": {
                    "all_points_x": [
                        132,
                        129,
                        131,
                        141,
                        137,
                        152,
                        147,
                        149,
                        169,
                        175,
                        174
                    ],
                    "all_points_y": [
                        246,
                        259,
                        266,
                        268,
                        247,
                        246,
                        252,
                        270,
                        274,
                        263,
                        249
                    ]
                }
            }
        }
    },
    "image4_4.jpg": {
        "filename": "image4_4.jpg",
        "regions": {
            "0": {
                "region_attributes": {},
                "shape_attributes": {
                    "all_points_x": [
                        129,
                        131,
                        140,
                        137,
                        148,
                        150,
                        168,
                        175,
                        173,
                        151
                    ],
                    "all_points_y": [
                        255,
                        267,
                        268,
                        258,
                        258,
                        270,
                        275,
                        264,
                        250,
                        250
                    ]
                }
            }
        }
    },
    "image4_5.jpg": {
        "filename": "image4_5.jpg",
        "regions": {
            "0": {
                "region_attributes": {},
                "shape_attributes": {
                    "all_points_x": [
                        119,
                        117,
                        119,
                        141,
                        137,
                        128,
                        144,
                        149,
                        160,
                        165,
                        163,
                        146
                    ],
                    "all_points_y": [
                        273,
                        281,
                        293,
                        297,
                        281,
                        280,
                        282,
                        298,
                        299,
                        288,
                        275,
                        274
                    ]
                }
            }
        }
    },
    "image4_6.jpg": {
        "filename": "image4_6.jpg",
        "regions": {
            "0": {
                "region_attributes": {},
                "shape_attributes": {
                    "all_points_x": [
                        244,
                        240,
                        247,
                        257,
                        265,
                        262,
                        248,
                        248
                    ],
                    "all_points_y": [
                        224,
                        251,
                        259,
                        260,
                        254,
                        228,
                        227,
                        224
                    ]
                }
            }
        }
    },
    "image4_7.jpg": {
        "filename": "image4_7.jpg",
        "regions": {
            "0": {
                "region_attributes": {},
                "shape_attributes": {
                    "all_points_x": [
                        465,
                        459,
                        468,
                        478,
                        486,
                        486,
                        478
                    ],
                    "all_points_y": [
                        218,
                        248,
                        255,
                        254,
                        249,
                        240,
                        220
                    ]
                }
            }
        }
    },
    "image4_8.jpg": {
        "filename": "image4_8.jpg",
        "regions": {
            "0": {
                "region_attributes": {},
                "shape_attributes": {
                    "all_points_x": [
                        426,
                        415,
                        439,
                        448
                    ],
                    "all_points_y": [
                        259,
                        290,
                        299,
                        269
                    ]
                }
            }
        }
    },
    "image5_14.jpg": {
        "filename": "image5_14.jpg",
        "regions": {
            "0": {
                "region_attributes": {},
                "shape_attributes": {
                    "all_points_x": [
                        155,
                        158,
                        165,
                        175,
                        180,
                        179,
                        171,
                        162
                    ],
                    "all_points_y": [
                        223,
                        253,
                        258,
                        258,
                        251,
                        220,
                        216,
                        216
                    ]
                }
            }
        }
    },
    "image5_15.jpg": {
        "filename": "image5_15.jpg",
        "regions": {
            "0": {
                "region_attributes": {},
                "shape_attributes": {
                    "all_points_x": [
                        199,
                        210,
                        219,
                        229,
                        232,
                        223,
                        211,
                        202
                    ],
                    "all_points_y": [
                        154,
                        182,
                        185,
                        181,
                        176,
                        143,
                        139
                        144
                    ]
                }
            }
        }
    },
    "image5_17.jpg": {
        "filename": "image5_17.jpg",
        "regions": {
            "0": {
                "region_attributes": {},
                "shape_attributes": {
                    "all_points_x": [
                        433,
                        438,
                        447,
                        457,
                        465,
                        459,
                        448,
                        439
                    ],
                    "all_points_y": [
                        215,
                        247,
                        251,
                        250,
                        242,
                        207,
                        203,
                        205
                    ]
                }
            }
        }
    }
}