{
    "image_sawyer4_37.jpg": {
        "file_name": "image_sawyer4_37.jpg",
        "regions": {
            "0": {
                "region_attributes": {},
                "shape_attributes": {
                    "all_points_x": [
                        147,
                        151,
                        164,
                        172,
                        177,
                        172,
                        158,
                        152
                    ],
                    "all_points_y": [
                        270,
                        259,
                        258,
                        266,
                        294,
                        302,
                        304,
                        302
                    ]
                }
            }
        }
    }, 
    "image_sawyer4_39.jpg": {
        "file_name": "image_sawyer4_39.jpg",
        "regions": {
            "0": {
                "region_attributes": {},
                "shape_attributes": {
                    "all_points_x": [
                        147,
                        151,
                        164,
                        172,
                        177,
                        172,
                        158,
                        152
                    ],
                    "all_points_y": [
                        270,
                        259,
                        258,
                        266,
                        294,
                        302,
                        304,
                        302
                    ]
                }
            }
        }
    },
    "image4_1.jpg": {
        "file_name": "image4_1.jpg",
        "regions": {
            "0": {
                "region_attributes": {},
                "shape_attributes": {
                    "all_points_x": [
                        137,
                        131,
                        129,
                        130,
                        169,
                        175,
                        176
                    ],
                    "all_points_y": [
                        244,
                        251,
                        258,
                        267,
                        274,
                        265,
                        250
                    ]
                }
            }
        }
    }
}